date,open,high,low,close,volume,amount,changePct,turnRate,amplitude
2025-10-09,17.56,18.73,17.56,17.95,43373,0.0,2.220956719817771,0.0,6.662870159453313
2025-10-10,18.31,18.39,17.96,18.14,28484,0.0,1.0584958217270266,0.0,2.3955431754874636
2025-10-13,17.8,18.32,17.28,17.95,29972,0.0,-1.0474090407938328,0.0,5.733186328555673
2025-10-14,17.64,18.69,17.64,17.97,23179,0.0,0.1114206128133681,0.0,5.849582172701954
2025-10-15,17.9,18.81,17.84,18.33,28738,0.0,2.003338898163603,0.0,5.397885364496377
2025-10-16,18.28,18.51,17.96,18.17,21132,0.0,-0.8728859792689395,0.0,3.000545553737047
2025-10-17,17.96,18.25,17.82,18.03,20377,0.0,-0.7705008255366018,0.0,2.366538249862409
2025-10-20,18.17,18.52,17.94,18.32,22943,0.0,1.608430393788126,0.0,3.216860787576252
2025-10-21,18.34,18.5,18.16,18.5,21644,0.0,0.9825327510917016,0.0,1.8558951965065493
2025-10-22,18.51,18.65,18.27,18.44,19999,0.0,-0.3243243243243174,0.0,2.0540540540540486
2025-10-23,18.51,18.7,18.15,18.67,19908,0.0,1.2472885032537984,0.0,2.9826464208242984
2025-10-24,18.71,19.42,18.7,19.03,40172,0.0,1.928227102303157,0.0,3.8564542046063326
2025-10-27,19.01,19.39,18.74,19.19,29599,0.0,0.8407777193904368,0.0,3.415659485023658
2025-10-28,19.13,19.31,18.88,19.11,19200,0.0,-0.41688379364253175,0.0,2.240750390828555
2025-10-29,19.34,19.61,18.37,18.45,25167,0.0,-3.4536891679748836,0.0,6.488749345892194
2025-10-30,18.48,18.8,18.32,18.39,22568,0.0,-0.3252032520325134,0.0,2.601626016260165
2025-10-31,18.36,18.92,18.24,18.76,28408,0.0,2.0119630233822785,0.0,3.6976617727025736
2025-11-03,18.73,19.23,18.65,19.07,24768,0.0,1.652452025586347,0.0,3.091684434968027
2025-11-04,19.23,19.78,19.04,19.12,26004,0.0,0.26219192448872947,0.0,3.8804404824331513
2025-11-05,19.12,19.25,18.93,19.06,21787,0.0,-0.313807531380765,0.0,1.673640167364018
2025-11-06,19.13,19.28,18.9,19.26,16005,0.0,1.049317943336846,0.0,1.9937040923399925
2025-11-07,19.22,19.41,19.15,19.2,13235,0.0,-0.3115264797507906,0.0,1.3499480789200495
2025-11-10,19.17,19.55,19.05,19.18,15018,0.0,-0.10416666666666445,0.0,2.604166666666667
2025-11-11,19.15,19.38,18.98,19.32,17763,0.0,0.7299270072992731,0.0,2.085505735140764
2025-11-12,19.32,19.61,19.14,19.51,20509,0.0,0.983436853002077,0.0,2.432712215320905
2025-11-13,19.42,19.54,19.16,19.32,15408,0.0,-0.9738595592004166,0.0,1.9477191184008147
2025-11-14,19.32,19.69,19.09,19.45,16502,0.0,0.6728778467908851,0.0,3.1055900621118084
2025-11-17,19.39,19.7,19.26,19.4,13113,0.0,-0.25706940874036355,0.0,2.2622107969151557
2025-11-18,19.53,19.54,19.08,19.25,15835,0.0,-0.7731958762886525,0.0,2.371134020618561
2025-11-19,19.39,19.4,18.45,18.87,22433,0.0,-1.974025974025969,0.0,4.935064935064931
2025-11-20,18.86,19.33,18.68,18.77,17126,0.0,-0.5299417064123022,0.0,3.4446210916799074
2025-11-21,18.74,18.92,17.53,17.54,25727,0.0,-6.553010122535964,0.0,7.405434203516252
2025-11-24,17.79,18.41,17.79,18.29,26083,0.0,4.275940706955531,0.0,3.5347776510832443
2025-11-25,18.38,18.73,18.21,18.51,12608,0.0,1.2028430836522823,0.0,2.843083652268997
2025-11-26,18.85,18.85,17.93,18.09,17406,0.0,-2.2690437601296685,0.0,4.970286331712597
2025-11-27,18.09,18.43,18.0,18.36,15361,0.0,1.4925373134328335,0.0,2.3770038695411815
2025-11-28,18.43,18.82,18.31,18.82,12802,0.0,2.505446623093687,0.0,2.777777777777786
2025-12-01,18.82,19.23,18.55,18.65,20600,0.0,-0.9032943676939517,0.0,3.613177470775769
2025-12-02,18.64,18.71,18.38,18.48,13066,0.0,-0.9115281501340383,0.0,1.769436997319045
2025-12-03,18.88,18.88,18.33,18.54,14255,0.0,0.32467532467531773,0.0,2.97619047619048
2025-12-04,18.45,18.66,18.04,18.13,12523,0.0,-2.2114347357065816,0.0,3.344120819848981
2025-12-05,18.19,18.43,17.97,18.36,10766,0.0,1.2686155543298425,0.0,2.537231108659685
2025-12-08,18.39,18.76,18.39,18.66,16372,0.0,1.6339869281045791,0.0,2.015250544662315
2025-12-09,18.72,18.8,18.37,18.55,10792,0.0,-0.5894962486602328,0.0,2.30439442658092
2025-12-10,18.5,18.62,18.03,18.03,13059,0.0,-2.8032345013477062,0.0,3.1805929919137457
2025-12-11,18.14,18.23,17.58,17.59,15076,0.0,-2.4403771491957915,0.0,3.6051026067665117
2025-12-12,17.66,18.0,17.17,17.34,16084,0.0,-1.4212620807276861,0.0,4.718590108015908
2025-12-15,17.32,17.62,16.97,17.45,15347,0.0,0.6343713956170671,0.0,3.7485582468281557
2025-12-16,17.38,17.54,16.98,17.07,13305,0.0,-2.1776504297994217,0.0,3.2091690544412534
2025-12-17,16.98,17.32,16.71,17.19,13250,0.0,0.7029876977152958,0.0,3.573520796719387
2025-12-18,16.98,18.2,16.98,17.91,27057,0.0,4.188481675392664,0.0,7.097149505526462
2025-12-19,18.14,18.23,17.66,18.04,16428,0.0,0.7258514796203183,0.0,3.1825795644891137
2025-12-22,18.23,19.55,17.94,18.23,61398,0.0,1.0532150776053286,0.0,8.924611973392459
2025-12-23,18.28,18.45,18.05,18.18,24744,0.0,-0.274273176083383,0.0,2.1941854086670243
2025-12-24,18.08,18.31,17.93,18.2,18216,0.0,0.11001100110010767,0.0,2.0902090209020847
2025-12-25,18.28,18.28,17.99,18.04,15609,0.0,-0.87912087912088,0.0,1.5934065934066082
2025-12-26,18.01,18.11,17.43,17.54,18545,0.0,-2.771618625277162,0.0,3.769401330376939
2025-12-29,17.54,18.13,17.53,18.04,20902,0.0,2.8506271379703536,0.0,3.4207525655644124
2025-12-30,17.89,18.09,17.54,17.62,15229,0.0,-2.3281596452328057,0.0,3.048780487804882
2025-12-31,17.62,17.83,17.33,17.73,16963,0.0,0.6242905788876245,0.0,2.837684449489217
2026-01-05,17.71,18.11,17.52,17.84,22396,0.0,0.620417371686404,0.0,3.3276931754089105
2026-01-06,17.84,18.01,17.44,17.63,22703,0.0,-1.1771300448430542,0.0,3.195067264573993
2026-01-07,17.65,17.66,17.19,17.43,18961,0.0,-1.1344299489506482,0.0,2.6659103800340267
2026-01-08,17.34,17.7,17.28,17.63,17306,0.0,1.1474469305794566,0.0,2.409638554216857
2026-01-09,17.71,17.71,17.29,17.58,24799,0.0,-0.28360748723766716,0.0,2.3823028927963796
2026-01-12,17.62,17.82,17.43,17.82,28705,0.0,1.3651877133105916,0.0,2.2184300341296965
2026-01-13,17.88,18.33,17.7,18.0,27520,0.0,1.0101010101010084,0.0,3.5353535353535297
2026-01-14,17.93,18.83,17.8,18.43,41772,0.0,2.388888888888887,0.0,5.722222222222209
2026-01-15,18.44,18.99,18.18,18.74,22341,0.0,1.6820401519262003,0.0,4.395008138903954
2026-01-16,18.73,19.41,18.53,19.07,35689,0.0,1.7609391675560397,0.0,4.695837780149408
2026-01-19,19.01,20.31,18.72,20.06,50715,0.0,5.191400104876761,0.0,8.337703198741478
2026-01-20,20.06,20.84,19.49,20.43,46445,0.0,1.844466600199407,0.0,6.729810568295122
2026-01-21,20.29,21.1,20.0,20.81,44916,0.0,1.8600097895252032,0.0,5.3842388644150825
2026-01-22,20.81,21.28,20.44,20.85,30233,0.0,0.19221528111486164,0.0,4.03652090341182
2026-01-23,20.88,21.08,20.59,20.93,23556,0.0,0.38369304556354095,0.0,2.350119904076731
2026-01-26,20.93,21.56,20.79,21.1,33412,0.0,0.812231247013864,0.0,3.678929765886286
2026-01-27,21.23,21.37,20.23,20.93,29351,0.0,-0.8056872037914772,0.0,5.402843601895737
2026-01-28,20.81,21.51,20.81,21.19,33962,0.0,1.242236024844728,0.0,3.3444816053511843
2026-01-29,21.03,23.32,20.64,23.32,53403,0.0,10.05191127890514,0.0,12.647475224162338
2026-01-30,25.66,25.66,25.66,25.66,14915,0.0,10.034305317324185,0.0,0.0
2026-02-02,28.23,28.23,28.23,28.23,52707,0.0,10.015588464536245,0.0,0.0
2026-02-03,31.06,31.06,25.67,31.06,216875,0.0,10.024796315975907,0.0,19.093163301452346
2026-02-04,30.51,31.06,27.95,27.95,145009,0.0,-10.01287830006439,0.0,10.01287830006439
2026-02-05,25.96,26.83,25.15,25.15,47851,0.0,-10.017889087656533,0.0,6.010733452593916
2026-02-06,23.13,27.67,22.91,24.78,220816,0.0,-1.47117296222663,0.0,18.926441351888677
2026-02-09,24.34,26.73,23.91,26.44,197646,0.0,6.6989507667473775,0.0,11.380145278450364
2026-02-10,26.41,27.52,25.44,25.7,170304,0.0,-2.7987897125567396,0.0,7.866868381240538
2026-02-11,24.44,26.48,24.44,25.68,139635,0.0,-0.0778210116731501,0.0,7.937743190661475
2026-02-12,25.43,25.92,24.35,24.49,125186,0.0,-4.63395638629284,0.0,6.113707165109036
2026-02-13,24.38,25.23,23.94,23.97,69606,0.0,-2.1233156390363397,0.0,5.267456104532459
2026-02-24,24.43,24.79,23.99,24.56,59386,0.0,2.4614100959532745,0.0,3.3375052148519013
2026-02-25,24.61,26.15,24.49,25.75,98627,0.0,4.845276872964175,0.0,6.758957654723129
2026-02-26,25.67,26.43,24.83,24.95,93287,0.0,-3.106796116504857,0.0,6.213592233009714
2026-02-27,24.91,25.13,24.34,24.62,61224,0.0,-1.3226452905811557,0.0,3.1663326653306583
2026-03-02,24.01,24.49,23.14,23.47,63165,0.0,-4.670999187652323,0.0,5.4833468724614045
2026-03-03,23.82,23.93,22.48,22.54,52955,0.0,-3.962505325948017,0.0,6.178099701746908
2026-03-04,22.13,23.08,22.13,22.67,36995,0.0,0.5767524401064887,0.0,4.214729370008871
2026-03-05,22.73,22.97,22.01,22.17,34460,0.0,-2.205558006175562,0.0,4.234671371857067
2026-03-06,22.13,22.86,22.13,22.72,36857,0.0,2.480829950383388,0.0,3.2927379341452427
2026-03-09,22.41,23.43,22.3,22.84,48260,0.0,0.5281690140845114,0.0,4.9735915492957705
2026-03-10,22.79,22.93,22.45,22.85,31462,0.0,0.04378283712785273,0.0,2.101576182136604
2026-03-11,23.43,23.43,22.51,22.63,30163,0.0,-0.9628008752735334,0.0,4.0262582056892695
2026-03-12,22.53,22.92,22.11,22.13,31689,0.0,-2.209456473707468,0.0,3.5793194874061083
2026-03-13,22.18,22.64,22.18,22.21,37129,0.0,0.3615002259376496,0.0,2.078626299141441
2026-03-16,22.43,22.62,21.88,22.24,26686,0.0,0.1350742908599621,0.0,3.3318325078793425
2026-03-17,22.13,22.32,21.73,21.76,21692,0.0,-2.15827338129495,0.0,2.652877697841726
2026-03-18,21.73,22.03,21.59,22.01,20227,0.0,1.1488970588235292,0.0,2.0220588235294175
2026-03-19,21.7,21.93,21.15,21.33,23542,0.0,-3.0895047705588516,0.0,3.54384370740573
2026-03-20,21.33,21.58,20.56,20.63,27563,0.0,-3.2817627754336582,0.0,4.781997187060476
2026-03-23,20.53,20.68,19.35,19.6,40209,0.0,-4.9927290353853495,0.0,6.446921958313129
2026-03-24,20.0,20.5,19.53,20.41,32167,0.0,4.132653061224483,0.0,4.9489795918367285
2026-03-25,20.4,21.25,20.4,21.04,23023,0.0,3.086722195002445,0.0,4.164625183733471
2026-03-26,20.93,21.18,20.58,20.85,21993,0.0,-0.9030418250950462,0.0,2.8517110266159764
2026-03-27,20.43,21.06,20.43,20.92,14204,0.0,0.33573141486810687,0.0,3.0215827338129446
2026-03-30,20.49,21.54,20.49,21.27,27842,0.0,1.6730401529636607,0.0,5.019120458891017
2026-03-31,21.24,21.39,20.82,20.84,18095,0.0,-2.021626704278325,0.0,2.679830747531736
2026-04-01,21.23,21.5,21.03,21.45,19206,0.0,2.927063339731283,0.0,2.2552783109404935
2026-04-02,21.45,21.61,20.83,20.97,16164,0.0,-2.2377622377622397,0.0,3.6363636363636416
2026-04-03,20.91,21.09,20.28,20.38,13547,0.0,-2.8135431568907956,0.0,3.8626609442060027
2026-04-07,20.38,21.08,20.38,20.9,17017,0.0,2.551521099116779,0.0,3.4347399411187403
2026-04-08,21.13,21.43,20.98,21.43,20809,0.0,2.5358851674641207,0.0,2.1531100478468868
2026-04-09,21.36,21.41,20.93,20.99,16879,0.0,-2.053196453569768,0.0,2.2398506766215607
2026-04-10,21.09,21.42,21.01,21.13,15599,0.0,0.6669842782277302,0.0,1.9533111005240598
2026-04-13,21.21,21.38,20.74,21.31,21347,0.0,0.8518693800283944,0.0,3.0288689067676318
2026-04-14,21.41,21.43,20.67,20.93,23745,0.0,-1.783200375410601,0.0,3.566400750821202
2026-04-15,21.07,21.19,20.68,20.71,20384,0.0,-1.0511227902532196,0.0,2.4366937410415743
2026-04-16,20.73,21.19,20.53,21.11,16891,0.0,1.9314340898116782,0.0,3.186866248189281
2026-04-17,21.18,21.23,20.48,20.76,18060,0.0,-1.6579819990525717,0.0,3.5528185693983896
2026-04-20,20.87,21.02,20.54,20.99,14072,0.0,1.1078998073217576,0.0,2.3121387283237014
2026-04-21,21.09,21.41,20.79,21.21,19583,0.0,1.048118151500726,0.0,2.9537875178656554
2026-04-22,21.23,22.09,21.13,21.43,29203,0.0,1.037246581801032,0.0,4.52616690240453
2026-04-23,21.39,21.41,20.53,20.68,25707,0.0,-3.499766682221185,0.0,4.1063929071395195
2026-04-24,20.43,21.07,20.33,20.84,16052,0.0,0.773694390715668,0.0,3.5783365570599712
2026-04-27,20.84,21.02,20.43,20.98,15648,0.0,0.6717850287907897,0.0,2.83109404990403
2026-04-28,21.62,21.62,20.93,21.22,25665,0.0,1.1439466158245875,0.0,3.2888465204957162
2026-04-29,21.28,21.62,20.82,21.43,33702,0.0,0.9896324222431708,0.0,3.770028275212068
2026-04-30,21.38,21.81,20.99,21.51,21835,0.0,0.37330844610360175,0.0,3.82641157256183
2026-05-06,21.51,21.91,21.43,21.8,32413,0.0,1.3482101348210094,0.0,2.231520223152024
2026-05-07,21.87,21.91,21.51,21.62,24650,0.0,-0.825688073394494,0.0,1.8348623853210944
2026-05-08,21.6,22.29,21.58,22.08,27198,0.0,2.1276595744680726,0.0,3.283996299722483
2026-05-11,22.42,22.92,21.83,22.75,44909,0.0,3.0344202898550803,0.0,4.936594202898567
2026-05-12,22.76,22.83,21.66,21.79,44799,0.0,-4.219780219780223,0.0,5.142857142857134
2026-05-13,21.78,22.12,21.77,21.95,28644,0.0,0.7342817806333187,0.0,1.60624139513539
2026-05-14,21.95,22.49,21.92,22.11,26584,0.0,0.728929384965832,0.0,2.5968109339407595
2026-05-15,22.11,23.12,21.93,22.88,50058,0.0,3.482587064676615,0.0,5.382180009045687
2026-05-18,22.43,24.27,22.43,23.28,82341,0.0,1.7482517482517577,0.0,8.041958041958042
2026-05-19,23.05,23.69,22.83,23.43,57278,0.0,0.6443298969072104,0.0,3.694158075601387
2026-05-20,23.42,23.88,22.99,23.15,51140,0.0,-1.1950490823730309,0.0,3.7985488689714066
2026-05-21,23.16,23.16,21.79,21.81,58494,0.0,-5.788336933045357,0.0,5.917926565874735
2026-05-22,21.86,22.21,21.38,22.03,33089,0.0,1.008711600183413,0.0,3.805593764328299
2026-05-25,22.03,22.16,20.89,21.16,37316,0.0,-3.9491602360417657,0.0,5.764866091693143
2026-05-26,20.94,21.61,20.58,20.82,25351,0.0,-1.6068052930056704,0.0,4.867674858223068
2026-05-27,20.84,20.88,19.84,20.01,25701,0.0,-3.8904899135446627,0.0,4.995196926032657
2026-05-28,20.13,20.38,19.68,20.06,20805,0.0,0.2498750624687514,0.0,3.4982508745627148
2026-05-29,20.11,20.48,19.48,19.66,27748,0.0,-1.9940179461615086,0.0,4.985044865403789
2026-06-01,19.69,21.16,19.46,20.54,33423,0.0,4.476093591047808,0.0,8.646998982705998
2026-06-02,20.52,20.72,19.43,19.74,20448,0.0,-3.8948393378773165,0.0,6.280428432327162
2026-06-03,19.74,20.02,19.14,19.39,18725,0.0,-1.7730496453900604,0.0,4.457953394123602
2026-06-04,19.28,19.47,18.83,18.93,14690,0.0,-2.3723568849922683,0.0,3.300670448684892
2026-06-05,19.04,19.28,18.38,19.03,20612,0.0,0.5282620179609161,0.0,4.754358161648189
2026-06-08,18.63,19.13,17.99,18.26,19762,0.0,-4.046242774566471,0.0,5.99054125065686
2026-06-09,18.72,18.87,18.23,18.68,23554,0.0,2.3001095290251814,0.0,3.504928806133628
2026-06-10,18.69,19.13,18.24,18.71,22336,0.0,0.16059957173448147,0.0,4.764453961456106
2026-06-11,18.64,18.83,18.2,18.43,14011,0.0,-1.4965259219668685,0.0,3.3671833244254357
2026-06-12,18.76,19.3,18.18,18.98,23587,0.0,2.984264785675533,0.0,6.077048290830174
2026-06-15,19.14,19.68,19.07,19.34,23585,0.0,1.8967334035827157,0.0,3.2139093782929367
2026-06-16,19.36,19.36,18.74,18.95,25428,0.0,-2.016546018614274,0.0,3.205791106515
2026-06-17,18.95,18.95,18.09,18.17,19475,0.0,-4.116094986807376,0.0,4.538258575197887
2026-06-18,17.95,18.18,17.76,17.76,21415,0.0,-2.256466703357183,0.0,2.311502476609786
2026-06-22,17.6,18.48,17.41,18.45,27124,0.0,3.8851351351351218,0.0,6.024774774774776
2026-06-23,18.42,19.41,18.31,18.84,25507,0.0,2.113821138211385,0.0,5.962059620596214
2026-06-24,19.23,19.23,17.9,18.22,23089,0.0,-3.290870488322723,0.0,7.059447983014872
2026-06-25,18.25,18.27,17.42,17.43,25662,0.0,-4.335894621295275,0.0,4.665203073545543
2026-06-26,17.43,17.43,16.69,16.82,20172,0.0,-3.499713138267352,0.0,4.245553643143996
2026-06-29,16.89,17.07,16.16,16.6,23206,0.0,-1.3079667063020146,0.0,5.410225921521998
2026-06-30,16.57,16.86,16.3,16.43,17321,0.0,-1.024096385542179,0.0,3.3734939759036062
2026-07-01,16.42,17.0,16.15,16.75,27596,0.0,1.947656725502132,0.0,5.1734631771150426
2026-07-02,16.68,17.83,16.59,17.78,33644,0.0,6.149253731343291,0.0,7.402985074626857
2026-07-03,17.87,18.1,17.07,17.6,31039,0.0,-1.0123734533183335,0.0,5.7930258717660355
2026-07-06,17.6,17.89,17.11,17.15,17884,0.0,-2.5568181818181976,0.0,4.431818181818188
2026-07-07,17.33,17.35,16.56,16.65,17581,0.0,-2.915451895043732,0.0,4.606413994169112
2026-07-08,16.6,16.63,16.11,16.33,14259,0.0,-1.921921921921924,0.0,3.123123123123121
2026-07-09,16.32,16.5,15.7,16.2,17944,0.0,-0.7960808328230191,0.0,4.898958971218621
2026-07-10,16.09,16.98,16.01,16.57,20469,0.0,2.2839506172839568,0.0,5.987654320987647
2026-07-13,16.65,16.65,15.91,15.98,14631,0.0,-3.5606517803258892,0.0,4.465902232951107
2026-07-14,15.93,16.55,15.73,16.44,19536,0.0,2.8785982478097676,0.0,5.131414267834796
2026-07-15,16.39,16.88,16.26,16.63,15545,0.0,1.1557177615571637,0.0,3.77128953771288
2026-07-16,16.5,16.66,16.13,16.25,16146,0.0,-2.2850270595309623,0.0,3.1870114251353048
2026-07-17,16.44,16.54,15.4,15.55,22775,0.0,-4.307692307692303,0.0,7.015384615384608
2026-07-20,15.42,16.09,14.58,14.82,26066,0.0,-4.69453376205788,0.0,9.710610932475882
2026-07-21,15.01,15.01,13.34,14.66,28874,0.0,-1.0796221322537123,0.0,11.26855600539811
2026-07-22,14.67,14.86,14.21,14.5,14622,0.0,-1.0914051841746257,0.0,4.433833560709403
2026-07-23,14.48,15.17,14.34,15.09,16319,0.0,4.068965517241378,0.0,5.724137931034483
2026-07-24,15.15,15.19,14.45,14.64,13749,0.0,-2.9821073558648066,0.0,4.903909874088802
2026-07-27,14.68,15.17,14.47,15.07,12556,0.0,2.9371584699453535,0.0,4.781420765027318
2026-07-28,15.07,15.35,14.97,15.1,17678,0.0,0.1990710019907058,0.0,2.5215660252156535
2026-07-29,15.12,15.86,15.08,15.65,21982,0.0,3.6423841059602697,0.0,5.16556291390728
2026-07-30,15.5,16.14,15.4,15.51,23068,0.0,-0.8945686900958502,0.0,4.728434504792334
2026-07-31,15.6,16.07,15.51,15.71,16332,0.0,1.2894906511927857,0.0,3.610573823339784
2026-08-03,15.8,16.44,15.71,16.33,21379,0.0,3.946530872055999,0.0,4.646721833227247
2026-08-04,16.43,16.8,16.33,16.62,18417,0.0,1.775872627066765,0.0,2.878138395590952
2026-08-05,16.61,16.87,16.42,16.84,16813,0.0,1.3237063778579954,0.0,2.7075812274368185
2026-08-06,16.83,17.02,16.54,16.97,13215,0.0,0.7719714964370487,0.0,2.8503562945368195
2026-08-07,16.85,16.98,16.56,16.88,13628,0.0,-0.5303476723629927,0.0,2.4749558043606465
2026-08-10,16.95,17.54,16.85,17.53,15128,0.0,3.8507109004739464,0.0,4.08767772511847
2026-08-11,17.5,17.84,17.19,17.6,18450,0.0,0.39931545921277967,0.0,3.707929264118645
2026-08-12,17.52,18.15,17.52,18.15,13568,0.0,3.1249999999999836,0.0,3.5795454545454484
2026-08-13,18.38,18.38,17.6,17.6,16907,0.0,-3.0303030303030147,0.0,4.297520661157011
2026-08-14,17.64,17.68,17.23,17.38,15762,0.0,-1.2500000000000135,0.0,2.5568181818181777
2026-08-17,17.45,17.88,17.26,17.85,13842,0.0,2.704257767548921,0.0,3.5673187571921603
2026-08-18,17.95,18.01,17.61,17.92,15843,0.0,0.3921568627450996,0.0,2.2408963585434294
2026-08-19,17.92,17.92,17.1,17.12,12606,0.0,-4.464285714285718,0.0,4.5758928571428585
2026-08-20,17.37,17.75,17.14,17.56,13558,0.0,2.5700934579439116,0.0,3.563084112149529
2026-08-21,17.55,17.6,17.09,17.5,13088,0.0,-0.34168564920272626,0.0,2.904328018223244
2026-08-24,17.62,17.68,17.15,17.37,8748,0.0,-0.7428571428571372,0.0,3.028571428571435
2026-08-25,17.3,17.6,17.13,17.54,9809,0.0,0.9786989061600354,0.0,2.705814622913082
2026-08-26,17.46,17.66,17.23,17.45,9756,0.0,-0.5131128848346629,0.0,2.4515393386545026
2026-08-27,17.49,18.56,17.27,18.4,27418,0.0,5.444126074498564,0.0,7.3925501432664715
2026-08-28,18.4,19.98,17.92,19.5,80570,0.0,5.978260869565226,0.0,11.195652173913038
2026-08-31,19.0,19.35,18.7,18.85,62998,0.0,-3.3333333333333264,0.0,3.3333333333333446
2026-09-01,18.87,19.46,18.8,19.29,53436,0.0,2.3342175066312874,0.0,3.50132625994695
2026-09-02,19.16,19.49,18.93,19.08,30735,0.0,-1.0886469673405956,0.0,2.903058579574903
2026-09-03,19.08,19.28,18.78,18.78,25800,0.0,-1.5723270440251422,0.0,2.620545073375262
2026-09-04,18.86,19.22,18.7,18.87,21681,0.0,0.4792332268370599,0.0,2.768903088391904
2026-09-07,18.76,19.1,18.69,18.74,14935,0.0,-0.6889242183359966,0.0,2.1727609962904086
2026-09-08,18.78,18.88,18.6,18.84,15765,0.0,0.5336179295624409,0.0,1.4941302027748005
2026-09-09,19.1,19.12,18.65,18.91,15026,0.0,0.371549893842889,0.0,2.494692144373686
2026-09-10,18.95,19.19,18.71,18.85,18999,0.0,-0.3172924378635575,0.0,2.5383395029085163
2026-09-11,18.92,18.93,17.75,18.1,22728,0.0,-3.978779840848806,0.0,6.25994694960212
2026-09-14,18.09,18.35,17.95,18.22,13624,0.0,0.6629834254143504,0.0,2.209944751381227
2026-09-15,18.22,18.4,17.89,18.04,13372,0.0,-0.9879253567508218,0.0,2.799121844127322
2026-09-16,17.95,18.74,17.61,18.61,20458,0.0,3.1596452328159663,0.0,6.26385809312638
2026-09-17,18.52,18.65,18.29,18.57,13170,0.0,-0.21493820526598145,0.0,1.9344438473938714
2026-09-18,18.73,18.88,18.53,18.57,12224,0.0,0.0,0.0,1.8847603661820023
2026-09-21,18.55,19.12,18.55,19.03,13263,0.0,2.477113624124937,0.0,3.069466882067853
2026-09-22,19.0,20.8,19.0,19.86,39640,0.0,4.361534419337879,0.0,9.45874934314241
2026-09-23,19.83,20.18,19.51,19.82,23743,0.0,-0.2014098690835808,0.0,3.3736153071500414
2026-09-24,19.75,19.9,19.5,19.59,13792,0.0,-1.1604439959636752,0.0,2.0181634712411634
2026-09-28,19.69,19.73,19.1,19.46,17381,0.0,-0.6636038795303676,0.0,3.215926493108724
2026-09-29,19.49,20.06,19.25,19.81,19582,0.0,1.7985611510791255,0.0,4.162384378211709
2026-09-30,19.89,21.18,19.55,19.98,46490,0.0,0.858152448258464,0.0,8.228167592125185
